accuracy,precision,recall,f1_score
0.8204400283889283,0.6851851851851852,0.5951742627345844,0.6370157819225251
