accuracy,precision,recall,f1_score
0.867,0.757085020242915,0.4758269720101781,0.584375
