accuracy,precision,recall,f1_score
0.7934705464868701,0.6518518518518519,0.4718498659517426,0.5474339035769828
