accuracy,precision,recall,f1_score
0.8225,0.6233766233766234,0.24427480916030533,0.3510054844606947
